AVL Tree,B-Tree
0.039298295974731445,1.1920928955078125e-06
0.03995513916015625,4.76837158203125e-07
0.04190874099731445,9.5367431640625e-07
0.04098081588745117,1.430511474609375e-06
0.04042840003967285,1.9073486328125e-06
0.04070234298706055,7.152557373046875e-07
0.03974008560180664,1.6689300537109375e-06
0.041872262954711914,4.76837158203125e-07
0.04281497001647949,1.1920928955078125e-06
0.040720462799072266,4.76837158203125e-07
