Execução,Árvore AVL,Árvore B
1,0.03999161720275879,1.1920928955078125e-06
2,0.046637535095214844,1.6689300537109375e-06
3,0.0610201358795166,3.5762786865234375e-06
4,0.04230809211730957,7.152557373046875e-07
5,0.04608297348022461,9.5367431640625e-07
6,0.04167485237121582,1.430511474609375e-06
7,0.04346752166748047,9.5367431640625e-07
8,0.04272007942199707,7.152557373046875e-07
9,0.04323244094848633,7.152557373046875e-07
10,0.04576230049133301,7.152557373046875e-07
