Execução,Quantidade,Árvore AVL
0,1000,1.1932849884033203
1,2000,1.3175010681152344
2,3000,1.6918182373046875
3,4000,2.3369789123535156
4,5000,2.4149417877197266
5,6000,3.620147705078125
6,7000,3.111600875854492
7,8000,4.165410995483398
8,9000,4.24504280090332
9,10000,5.222082138061523
